<?xml version="1.0" encoding="UTF-8"?>
<project xmlns="http://maven.apache.org/POM/4.0.0" xmlns:xsi="http://www.w3.org/2001/XMLSchema-instance" xsi:schemaLocation="http://maven.apache.org/POM/4.0.0 http://maven.apache.org/maven-v4_0_0.xsd">
  <modelVersion>4.0.0</modelVersion>
  <groupId>com.continuuity</groupId>
  <artifactId>PageViewAnalytics</artifactId>
  <name>PageViewAnalytics App</name>
  <version>1.0</version>
  <build>
    <plugins>
      <plugin>
        <artifactId>maven-compiler-plugin</artifactId>
        <version>3.1</version>
        <configuration>
          <source>1.6</source>
          <target>1.6</target>
        </configuration>
      </plugin>
      <plugin>
        <artifactId>maven-source-plugin</artifactId>
        <version>2.2.1</version>
        <executions>
          <execution>
            <id>attach-sources</id>
            <phase>verify</phase>
            <goals>
              <goal>jar-no-fork</goal>
            </goals>
          </execution>
        </executions>
      </plugin>
      <plugin>
        <artifactId>maven-javadoc-plugin</artifactId>
        <version>2.9</version>
        <executions>
          <execution>
            <id>attach-javadoc</id>
            <phase>verify</phase>
            <goals>
              <goal>jar</goal>
            </goals>
          </execution>
        </executions>
        <configuration>
          <links>
            <link>http://download.oracle.com/javase/6/docs/api/</link>
          </links>
          <detectLinks>true</detectLinks>
          <bottom>Copyright 2014 Continuuity, Inc.</bottom>
        </configuration>
      </plugin>
      <plugin>
        <artifactId>maven-release-plugin</artifactId>
        <version>2.4.1</version>
        <configuration>
          <autoVersionSubmodules>true</autoVersionSubmodules>
        </configuration>
      </plugin>
      <plugin>
        <artifactId>maven-site-plugin</artifactId>
        <version>3.2</version>
      </plugin>
      <plugin>
        <artifactId>maven-surefire-plugin</artifactId>
        <version>2.14.1</version>
        <configuration>
          <argLine>-Xmx512m</argLine>
          <redirectTestOutputToFile>${surefire.redirectTestOutputToFile}</redirectTestOutputToFile>
          <systemPropertyVariables>
            <java.io.tmpdir>${project.build.directory}</java.io.tmpdir>
          </systemPropertyVariables>
          <includes>
            <include>**/*TestSuite.java</include>
            <include>**/Test*.java</include>
            <include>**/*Test.java</include>
            <include>**/*TestCase.java</include>
          </includes>
        </configuration>
      </plugin>
      <plugin>
        <artifactId>maven-shade-plugin</artifactId>
        <version>2.1</version>
        <executions>
          <execution>
            <phase>package</phase>
            <goals>
              <goal>shade</goal>
            </goals>
            <configuration>
              <transformers>
                <transformer>
                  <manifestEntries>
                    <Main-Class>${app.main.class}</Main-Class>
                  </manifestEntries>
                </transformer>
              </transformers>
            </configuration>
          </execution>
        </executions>
      </plugin>
      <plugin>
        <artifactId>maven-checkstyle-plugin</artifactId>
        <version>2.10</version>
        <executions>
          <execution>
            <phase>process-sources</phase>
            <goals>
              <goal>checkstyle</goal>
            </goals>
          </execution>
        </executions>
        <configuration>
          <configLocation>checkstyle.xml</configLocation>
          <failsOnError>false</failsOnError>
        </configuration>
      </plugin>
    </plugins>
  </build>
  <profiles>
    <profile>
      <id>build</id>
      <dependencies>
        <dependency>
          <groupId>com.continuuity</groupId>
          <artifactId>continuuity-api</artifactId>
          <version>2.1.0</version>
          <scope>system</scope>
          <systemPath>/Users/john/Source/reactor_2.2.0/distributions/build/libs/continuuity-api-2.2.2-SNAPSHOT.jar</systemPath>
        </dependency>
      </dependencies>
    </profile>
    <profile>
      <dependencies>
        <dependency>
          <groupId>com.continuuity</groupId>
          <artifactId>continuuity-test</artifactId>
          <version>${continuuity.reactor.version}</version>
          <scope>test</scope>
          <exclusions>
            <exclusion>
              <artifactId>asm</artifactId>
              <groupId>asm</groupId>
            </exclusion>
          </exclusions>
        </dependency>
        <dependency>
          <groupId>junit</groupId>
          <artifactId>junit</artifactId>
          <version>4.11</version>
          <scope>test</scope>
        </dependency>
      </dependencies>
    </profile>
  </profiles>
  <repositories>
    <repository>
      <id>continuuity-public</id>
      <url>https://repository.continuuity.com/content/groups/public</url>
    </repository>
  </repositories>
  <dependencies>
    <dependency>
      <groupId>com.continuuity</groupId>
      <artifactId>continuuity-api</artifactId>
      <version>2.1.0</version>
      <scope>system</scope>
      <systemPath>/Users/john/Source/reactor_2.2.0/distributions/build/libs/continuuity-api-2.2.2-SNAPSHOT.jar</systemPath>
    </dependency>
  </dependencies>
  <reporting>
    <plugins>
      <plugin>
        <artifactId>maven-checkstyle-plugin</artifactId>
        <version>2.10</version>
        <configuration>
          <configLocation>checkstyle.xml</configLocation>
        </configuration>
      </plugin>
    </plugins>
  </reporting>
  <properties>
    <continuuity.reactor.version>2.1.0</continuuity.reactor.version>
    <surefire.redirectTestOutputToFile>true</surefire.redirectTestOutputToFile>
    <app.main.class>com.continuuity.examples.pageViewAnalytics.PageViewAnalyticsApp</app.main.class>
    <project.build.sourceEncoding>UTF-8</project.build.sourceEncoding>
  </properties>
</project>

